Ticker,Date,Close
CVX,2023-01-01,152.34
CVX,2023-02-01,143.9
CVX,2023-03-01,137.94
CVX,2023-04-01,146.7
CVX,2023-05-01,135.97
CVX,2023-06-01,136.24
CVX,2023-07-01,137.59
CVX,2023-08-01,140.63
CVX,2023-09-01,147.36
CVX,2023-10-01,142.11
CVX,2023-11-01,128.11
CVX,2023-12-01,131.43
CVX,2024-01-01,130.72
CVX,2024-02-01,136.91
CVX,2024-03-01,138.3
CVX,2024-04-01,145.13
CVX,2024-05-01,145.89
CVX,2024-06-01,141.71
CVX,2024-07-01,142.89
CVX,2024-08-01,133.72
CVX,2024-09-01,131.44
CVX,2024-10-01,138.21
CVX,2024-11-01,146.93
CVX,2024-12-01,140.36
FANG,2023-01-01,124.46
FANG,2023-02-01,123.04
FANG,2023-03-01,118.15
FANG,2023-04-01,126.34
FANG,2023-05-01,116.18
FANG,2023-06-01,115.09
FANG,2023-07-01,123.62
FANG,2023-08-01,133.28
FANG,2023-09-01,138.67
FANG,2023-10-01,143.29
FANG,2023-11-01,141.97
FANG,2023-12-01,140.19
FANG,2024-01-01,140.8
FANG,2024-02-01,153.26
FANG,2024-03-01,175.67
FANG,2024-04-01,189.8
FANG,2024-05-01,185.6
FANG,2024-06-01,181.09
FANG,2024-07-01,191.69
FANG,2024-08-01,184.0
FANG,2024-09-01,169.17
FANG,2024-10-01,176.15
FANG,2024-11-01,171.68
FANG,2024-12-01,155.66
XOM,2023-01-01,99.05
XOM,2023-02-01,100.6
XOM,2023-03-01,95.51
XOM,2023-04-01,103.42
XOM,2023-05-01,95.43
XOM,2023-06-01,94.77
XOM,2023-07-01,93.81
XOM,2023-08-01,98.04
XOM,2023-09-01,105.36
XOM,2023-10-01,99.39
XOM,2023-11-01,95.12
XOM,2023-12-01,92.15
XOM,2024-01-01,91.75
XOM,2024-02-01,94.82
XOM,2024-03-01,102.12
XOM,2024-04-01,110.67
XOM,2024-05-01,108.08
XOM,2024-06-01,104.57
XOM,2024-07-01,107.16
XOM,2024-08-01,109.38
XOM,2024-09-01,106.97
XOM,2024-10-01,113.38
XOM,2024-11-01,112.8
XOM,2024-12-01,104.21
